{
  "parameters": {
    "q": 488.8885498046875,
    "K_A": 1.9999748468399048,
    "K_B": 0.3502287268638611
  },
  "loss_trace": [
    0.02513527311384678,
    0.015218907035887241,
    0.006673756055533886,
    0.005434995051473379,
    0.0054224575869739056,
    0.005391132552176714,
    0.005261832848191261,
    0.0046184733510017395,
    0.004568770527839661,
    0.004533781670033932,
    0.004297477193176746,
    0.004286955576390028,
    0.004285302013158798,
    0.004284103866666555,
    0.004275901708751917,
    0.004265133291482925,
    0.004241775721311569,
    0.004235107451677322,
    0.004226440563797951,
    0.004223205614835024,
    0.004220394417643547,
    0.004216738045215607,
    0.0042155031114816666,
    0.004214875865727663,
    0.004214207176119089,
    0.004214002750813961,
    0.004213868640363216,
    0.004213788080960512,
    0.004213756415992975,
    0.004213749896734953
  ],
  "loss": 0.004213749896734953,
  "iterations": 30,
  "predictions": {
    "experiment 1": [
      0.5376245379447937,
      0.37993156909942627,
      0.26580944657325745,
      0.1847379207611084,
      0.12785649299621582,
      0.08826076239347458,
      0.06083099916577339,
      0.041884955018758774,
      0.028822127729654312
    ],
    "experiment 2": [
      0.6524347066879272,
      0.4529050290584564,
      0.3169790208339691,
      0.22507326304912567,
      0.162466898560524,
      0.11913891136646271,
      0.08858225494623184,
      0.06662794947624207,
      0.05058783292770386
    ],
    "experiment 3": [
      0.6951424479484558,
      0.4879651665687561,
      0.35135331749916077,
      0.26161596179008484,
      0.20169536769390106,
      0.1605660617351532,
      0.1314321607351303,
      0.11014329642057419,
      0.09413415193557739
    ]
  },
  "residuals": {
    "experiment 1": [
      0.0007553696632385254,
      -0.03355032205581665,
      -0.04462364315986633,
      -0.09403958916664124,
      -0.06687295436859131,
      -0.05884460359811783,
      -0.14013417065143585,
      -0.08231489360332489,
      -0.04937070980668068
    ],
    "experiment 2": [
      0.1096910834312439,
      0.12343606352806091,
      0.08730266988277435,
      0.06410419940948486,
      -0.009162917733192444,
      0.07203181087970734,
      -0.012907326221466064,
      0.035991109907627106,
      -0.03418469429016113
    ],
    "experiment 3": [
      0.08121097087860107,
      0.001803755760192871,
      -0.005370676517486572,
      0.00875142216682434,
      -0.013292774558067322,
      -0.05605518817901611,
      -0.03611406683921814,
      -0.06123287230730057,
      -0.055180907249450684
    ]
  },
  "rmse": {
    "experiment 1": 0.07359527644215742,
    "experiment 2": 0.07219017580167637,
    "experiment 3": 0.044871931165712
  }
}