{
  "parameters": {
    "kcat": 783.0,
    "K_A": 1.023,
    "K_B": 1.113,
    "Ea": 8.86,
    "kd_ref": 0.0157,
    "Ed": 296.4,
    "delta_H":    42727.50821810366,
    "delta_C":    543.6526605787992,
    "T_melting":  55.89579152166026
  }
}