{
  "parameters": {
    "log_kcat0": 5.069281848206292,
    "Q10_kcat": 2.2823850179538674,
    "log_Km_A0": -0.4198497503218981,
    "Q10_Km_A": 1.6471087933911959,
    "log_Km_B0": -0.5337290038511959,
    "Q10_Km_B": 1.40662316601709,
    "log_Ki_C0": -0.0008217966327306314,
    "Q10_Ki_C": 1.4807529509322275,
    "dH": 42727.50821810366,
    "Tm": 55.89579152166026,
    "dCp": 543.6526605787992
  }
}
