{
  "length_scale": 0.3615727139889414,
  "variance": 0.03317819519452801,
  "noise": 0.006250000000000002,
  "n_design": 49,
  "seed": 0
}