{
  "length_scales": [
    0.27760582549118806,
    0.5658975394680756
  ],
  "variance": 0.03996789248730264,
  "noise": 0.006250000000000002,
  "n_design": 64,
  "seed": 0,
  "reference": "no-inhib"
}