{
  "length_scales": [
    0.29215608440023993,
    0.16886707914850901
  ],
  "variance": 7.217756584464401,
  "noise": 0.006250000000000002,
  "n_design": 64,
  "seed": 0,
  "reference": "mm"
}